<?xml version="1.0" encoding="UTF-8"?>
<project-private xmlns="http://www.netbeans.org/ns/project-private/1">
    <editor-bookmarks xmlns="http://www.netbeans.org/ns/editor-bookmarks/2" lastBookmarkId="0"/>
    <open-files xmlns="http://www.netbeans.org/ns/projectui-open-files/2">
        <group>
            <file>file:/C:/Users/alumno_2DAW/Desktop/VLooy/Servidores/ventaComercial/web/agregar.jsp</file>
            <file>file:/C:/Users/alumno_2DAW/Desktop/VLooy/Servidores/ventaComercial/web/Tabla.jsp</file>
            <file>file:/C:/Users/alumno_2DAW/Desktop/VLooy/Servidores/ventaComercial/web/listado.jsp</file>
            <file>file:/C:/Users/alumno_2DAW/Desktop/VLooy/Servidores/ventaComercial/src/java/BaseDatos/venta.java</file>
            <file>file:/C:/Users/alumno_2DAW/Desktop/VLooy/Servidores/ventaComercial/src/java/PaquetesServlet/Usuario.java</file>
            <file>file:/C:/Users/alumno_2DAW/Desktop/VLooy/Servidores/ventaComercial/web/modificar.jsp</file>
            <file>file:/C:/Users/alumno_2DAW/Desktop/VLooy/Servidores/ventaComercial/src/java/BaseDatos/bd.java</file>
            <file>file:/C:/Users/alumno_2DAW/Desktop/VLooy/Servidores/ventaComercial/web/alta.jsp</file>
        </group>
    </open-files>
</project-private>
